id,sentence
1,오늘일기 블챌 일상블로그 만육처넌 벌어야하기 때문에 서둘러 쓰겠습니다
2,오늘도 하루가 어찌 지나갔는지 도통 모르겠네여.
3,새벽에 일어나니 곤히 자고 있던 하비니 공동현관 비번이 없는 구린 아파트에 사는 전 새벽배송 받으러 밖으로 나갑니다
4,진상이지만 공동현관 앞에 놓아달라고 합니다
5,사람들이 많이 오가는 시간이 되기 전에 항시 6시즈음에 찾으러가는 나는야 부지런한 워킹맘 이것 때문에 미니 카트도 구입했습니다
6,마켓컬리 장바구니 상온식품으로는 항시 시키는 컬리 통밀식빵 그래놀라하우스 오리지날의 품절로 카카오 뭐시깽이를 시켰습니다
7,맛있더군요 모두에게 추천하고 다닌 오뗄두스 사브레 얼그레이 냉동식품으로는 숭의가든 한돈 목살 양념구이 세일할 때 사야 이득이지만 세일을 도통 안해서 정가구매 그리고 석관동 떡볶이 유툽잇님 샤나님의 단골 메뉴로 컬리에 있길래 저도 시켜보았어요 냉장식품 너무 많네요
8,훈제오리와 이렇게 작을 줄 몰랐음 연세우유는 처음 시켜봤어요
9,연세우유는 저렴해서 사봤습니다
10,그 컬리 전용 보라색 우유로 요거트를 만들었을 때 무척 맛있었기 때문에 또 시켜볼까 했지만 연세우유가 처넌이나 저렴해서 궁금해서 구매 쿠팡후레시 시키는 일 거의 없지만 아마 결혼 후 두번째 컬리에서 사먹었던 낙지젓갈이 너무 맛있는데
11,가성비가 후져서 쿠팡에 후기가 4천개가 넘는 낙지젓을 구매해봤어요
12,사고보니 중국 이네요 우수수입업소인증은 받아서 그래도 안심하고 먹어보겠어요
13,그거 받기 나름 까다롭거든여 식품업계 종사중 꿀 퍼먹는 큰 딸에게 애비님이 보내주신 꿀 꿀 너무나 강려크한 꿀 패키징에 웃었네요
14,너무 거대해서 소분해줍니다
15,암튼 피클통에 소분했어요
16,꿀이 너무 묽어서 구린꿀인가 맛없으면 어쩔 했는데 제가 좋아하는 꿀맛이었어요
17,꿀 소분하고 방에서 무슨 소리가 들려 문을 열었더니 너무나 소름이요 도대체 우리 하비니 타이니모빌 어떻게 켠거에요
18,노랫소리가 들리고 있어서 너무 놀랐어요
19,그리고 몸은 또 언제 저렇게 돌아간건지!!!
20,침대 고르다 머리 깨질 뻔요 아기는 인났으니 거실로 나와요
21,수제 요거트와 그래놀라 하우스의 뉴 그래놀라 그리고 애비님의 왕꿀 너무 맛있었어요
22,부담스러운 아기의 시선을 느끼며 먹습니다
23,노으루가 줬던 아기 덧신 한짝이 자쿠만 탈출 자꾸 부담시럽게 쳐다봐서 또 식탁앞으로 오신 분 졸려하는 듯 해서 재워줍니다
24,하지만 말똥 맛있을까?
25,하고 만들었던 당근라페샌드위치 계란찜기를 활용하여 계란샐러드도 만들어서 넣어줬어요
26,너무 맛있던데요????
27,을 외칠 줄 알았던 남표니도 아주 맛있다며 먹어줬어요
28,하나만들고 만족하며 한개 더 추가합니다 감성칼로 바꾸고 싶네요
29,울 아기 양말한짝은 또 어디에 죠기 있네요 머리부터 발끝까지 할미템으로 치장한 하비니.
30,내일은 하비니의 유아세례날이라 오늘 최종 문답을 하러 교회에 잠시 다녀왔어요 바구니 카시트도 이제 졸업하려구요
31,차안에서 뭔가 잔뜩 긴장해있던 하비니 마스크를 씌워야하나 구매까지 했지만 받고보니 생각보다 두꺼워서 하비니에겐 무리일 것 같아 방풍커버로 보호해봅니다
32,유모차에서 잠들었었는데 카시트로 옮기다가 깼어요 창밖 세상 구경하는 하비니 너무 귀여워요 뒹굴아기 아기가 쉬는 동안 엄빠는 간단하게 점심을 만들어요
33,석관동 떡볶이와 한개 남아있던 진 비빔면 그리고 열무김치 석관동 떡볶이 너무 맛있었어요
34,우리 하비니 발 좀 자란 것 같지 않나요?
35,몇주전에 사뒀던 콜드브루 이제야 마셔요
36,사실 회사에 가져가려고 했었는데 자쿠만 까먹어서 집에서 까네요
37,네고왕에 이삭토스트가 나오는 바람에 배도 안고프지만 간단한 토스트를 해서 함께 먹어요
38,울 하비니는 점퍼루에서 자태를 뽐내고 있네요
39,앞에 보이는 컬리 박스는 친구에게 보낼 미역박스에요
40,오늘에서야 드디어 보냈네요....
41,체육관에서도 놀아드려요
42,에듀테이블에서 열공도 해봅니다
43,열공하는 척 하더니 다른곳에 관심이 가는 아기네요
44,옆에 있던 아기체육관을 거슬려해서 옆에 갖다줬어요
45,이렇게 쥐어 뜯어 먹을 줄은 모르고 갖다줌요 눈빛이 매섭네요
46,오랜만에 역방쿠 꺼냈어요 아기는 열심이 또 쥐어뜯습니다 흥분한 아기 엄마는 또 과자를 때리는데 아기의 시선이 심장을 때리네요
47,하비니 침대 두려고 사이즈 측정 이 지겨운 사이즈 측정 이런거 필요없는 큰 집에 살아보고 싶네요
48,현생에 가능한가요?
49,피곤하면 들어가서 자라고 그렇게 말했는데 버티는 아비 하비니만 당하고 있네요
50,결국 아기와 함께 뻗으심 진절머리 나는 하비니 새 잠자리 드디어 구매했구요
51,의자에 카시트에 벌써 100을 넘겨서 침대는 3개월 무이자 할부를 이용했습니다
52,이틀 전에 샀으면 세일이었는데.
53,전 세일 찬스를 겪어본 적이 없네요
54,원목침대로 너무 사고싶었는데 안전한건 너무 비싸고 적당한건 낙상이 걱정이고 저 작은 침대에서 회전하는 하비니를 보며 아무래도 범퍼로 해야할 것 같아 샀네요
55,범퍼침대 진짜 사기 싫었는데 젠장 침대에 머리 뜯는 사이 장난감 도서관 반납 시간이 다가와서 하비니 두고 혼자 후다다닥 나갔어요
56,너무 날것의 모습으로 나왔네요
57,하나만 빌려가니 어머니 다른 것도 좀 보세요!
58,라시며...
59,추천템 하나 더 들고 나왔습니다
60,비가 꽤 내려서 빗속을 질주한 고니 .
61,집에 오니 하비니는 울고 있었고 남표니는 옆에서 곤히 자고 있었어요
62,하비니는 화가 많이 났는지 계속 고함을 쳤습니다
63,시끄러운 아기 불쌍한 개구리씨는 여기저기 부딪히고 먹히고 고생했어요
64,계속 큰소리 치던 아기 왜이러는지 왜자쿠만 이러는진 알 수 없어요
65,이모가 영통을 걸었네요
66,하비니는 화면 속 할미를 알아보는지
67,그렇게 화내다가 할미 얼굴과 목소리에 싱긋 싱긋 웃어서 너무 신기했어요
68,저녁은 삼겹살로 했습니다
69,상 차리는 사이 하비니는 아비와 애정행각 오랜만에 수영을 할 예정이기에 아비가 물을 받는 사이 점퍼루에서 잠시 놀아줍니다
70,하비니 턱이 너무 작아서 턱이 튜브 아래로자쿠만 빠져서 곤란했지만 즐거웠던 수영시간 그럼 블챌 오늘일기 이것으로 끝 바쁘다 바빠
71,", 블로그씨 시작 매일매일 챌린지 시즌1 오늘일기, 오늘부터 시작합니다!"
72,평온한 미소 2주 동안 매일 블로그에 일기쓰고 선물 받아가세요!
73,공식블로그에서 확인하기 매일매일 챌린지 오늘일기 블챌 주말 아침은 게으름을 좀 피웁니다.
74,주말이 있는 이유는 건강을 챙기라는 것이니까.
75,한동안 멈춘 두피 마사지와 얼굴 마사지를 했죠.
76,두피를 마사지하면 온 전신이 다 아파.
77,"매일 밤 취침 전 5 10분만 투자하면 되는데, 왜 그게 안 되나 모르겠어."
78,매일 꾸준히 가 세상에서 제일 어려운 거야.
79,"두피 모발 건강 귀 건강은 물론 전신 건강을 책임지는 온병 마사지를 누워서 했더니 팔도 안 아프고, 머리의 무게가 있으므로 효과가 높더군요."
80,"그리고, 매화수병이 소주병을 제쳤죠."
81,이 훨씬 좋더군요.
82,"통증이 가시려면 일주일 동안 줄곧, 온병 마사지해야 할 것 같아."
83,53세 은하수의 눕샐카는 웃픔.
84,. . 50271 222163895918 탈모예방 및 탈모개선방법 탈모예방 및 탈모개선방법을 포스트 할게요.
85,"지난번에 한번 포스트를 했지만, 2013년 방송에 소개된 방법과..."
86,오늘 점심은 상추랑 대패삼겹살을 구워 먹을까?
87,"정육점으로 가던 길에서 본, 양파만큼 큰 메리골드에 깜놀했죠."
88,집에 돌아와 그저께 삽목한 해당화와 각종 꽃나무들을 비닐을 열어 확인했죠.
89,날씨가 받쳐주네
90,"오늘일기 일챌 에 빠질 수 없는, 텃밭과 꽃밭 나들이."
91,"매일 같은 꽃이지만 내 정성으로 키운 꽃은, 그 어떤 꽃보다 아름답고 예쁩니다."
92,"이름없는 들풀도 들에 있으면 그냥 풀, 내가 키우면 예쁜 꽃."
93,잦은 봄비로 상추가 너무 빨리 자라네.
94,잎이 무지 큰데도 부드러워.
95,지난해 가을 김장 배추가 알배추로 등장했죠.
96,"작은 아들 상추가 맛있다는 생각을 못 했는데, 진짜 맛있네요."
97,"지난해 늦가을에 심은 것이니까, 귀하고 제일 맛있는 상추야."
98,상추를 시간차를 두고 심으니까 편하네.
99,채소의 향과 신선함을 되찾는 방법 아시죠?
100,50도시 물에 담근 후 찬물 샤워.
101,매일매일 챌린지 오늘일기 블챌 중 뿌듯함의 최강이 아닌가
102,"연이은 봄비가 내린 탓에, 옮겨 심은 모종들이 씩씩하게 터를 잘 잡았죠."
103,올해는 꽈리고추를 처음 심어봤어요.
104,맛있는 꽈리고추 멸치볶음을 기대해봅니다
105,부추는 새우 넣고 전을 부쳐 먹어야지.
106,친정표 가지와 고추 모종은 벌써 꽃을 피웠죠.
107,"매일매일 챌린지 오늘일기 블챌 에, 빠지지 않고 등장하는 주연이 될 듯 보입니다."
108,"꽃밭의 꽃들을 둘러보던 중, 어머!"
109,세상에 백합 두 대가 꽃대를 물었어.
110,"꽃들도 피는 시기가 모두 다른데, 사람 또한 예외는 아닐 터."
111,열심히 살다 보면 언젠가는 꽃을 피우게 되겠지.
112,그날을 위해 열심히 살면 되는 거야.
113,"제일 먼저 피는 백합이 어떤 색일지, 새로운 관심사가 생겼죠."
114,"매일매일 챌린지 오늘일기 블챌 은, 며칠 전 열 삽질을 했지만, 꿈쩍도 않던 잡초들 때문에 지쳐, 화단은 무슨 놈의 화단 걸렀어."
115,이른 봄에 미리 잡초를 제거했어야 했어.
116,"하지만, 뜻밖의 연이은 비요일, 무늬만 화단인 풀밭의 풀을 뽑고, 화단으로 변신시키기 위해 꽃모종을 심었죠."
117,"할미꽃씨를 50도시 물에 담근 후, 모래와 섞어 파종을 했죠."
118,밴드 언니 할미꽃 파종을 하면 2년 후에 싹이 난대요.
119,그때까지 이곳에 살지 안 살지
120,"모르겠지만, 누군가는 보게 되겠지."
121,"올해, 새싹이 올라온다면 기적일 거야."
122,"꽃밴드에서 눈호강을 하다 보니, 꽃 욕심이 생겨 업무 외 시간 짬을 내, 꽃밭의 영역을 넓히고 있죠."
123,"할미꽃 파종을 마치고 나니, 비가 후드득 떨어지더군요."
124,"하여튼, 머피의 법칙에 걸리지 않는 방법은, 내 안의 소리에 귀를 기울여야 해."
125,. . 50271 222090577578 샐리의 법칙 파래 자소엽콩전 샐리의 법칙 파래콩전을 부쳤어요.
126,"샐리의 법칙 우연히 유리한 일만 계속 생기고, 설사 나쁜 일이 있더..."
127,딱 마침맞게 비가 내리네.
128,"울 집 꽃밭의 철쭉은 이미 떨어진 상태지만, 아파트 화단에는 철쭉이 깔별로 한창 피었죠."
129,예쁘다 모르는 번호로부터 전화가 걸려왔죠.
130,여보세요 택배회사 택배 주소가 잘못되어 다른 곳으로 왔어요.
131,"채소라고 적혀있는데 오늘 가려면, 퀵으로 보내야 하는데 어떻게 할까요?"
132,이 건은 저한테 물어볼 내용이 아닌 것 같아요..
133,택배회사 네.
134,나보고 퀵비를 지불하라는 거야?
135,고향표 상추 마늘쫑이 한 박스가 도착했죠.
136,얘를 뭘 만들어야 맛있게 먹을 수 있지?
137,블로그 내 검색을 했죠.
138,오호 멸치랑 어묵이 모두 있으니까 접수 완료!
139,마지막 매일매일 챌린지 오늘일기 블챌 은 마라 마늘쫑어묵멸치볶음을 만들었죠.
140,내일 메뉴는 마늘쫑 양파덮밥이다!
141,. . 50271 221957202001 5월 제철음식 마늘쫑어묵볶음 마늘쫑멸치볶음.
142,"5월 제철음식 마늘쫑어묵볶음, 마늘쫑멸치볶음을 만들었어요."
143,"늘.쫑을 보내주셨는데, 지금까지..."
144,. . 50271 221566563285 6월 제철음식 마늘쫑 양파마늘덮밥 6월 제철음식 마늘쫑 양파마늘덮밥을 만들었어요.
145,마늘을 수확했으니 사실 마늘쫑은 이미 제철을 훌쩍 지난...
146,오늘일기 전선생 1일 1포스팅의 습관 블챌 시작합니다
147,오늘일기 첫날 비오는 새벽 전선생 오늘부터 블챌 오늘일기 시작해요.
148,내가 뭘 하겠다
149,라고 나발 불 듯 광고를 하고 시작하는 것의 의미는?
150,나와의 약속을 대중에게 알림으로써 반드시 약속을 지키겠다는 의지를 더 공고히 하는 효과가 있다고 하잖아요. .
151,오늘일기 첫날 어스름 마을 풍경 보름 동안의 약속을 지켜 일기를 습관화 해 보려고요.
152,매일 1포스팅이 생각 보다 힘 들더라고요.
153,하루도 빼지 않고 일기를 쓴다는 것이 쉽지 않은 일인데 작심 삼일의 일을 3일만에 한번씩 반복하면 3일도 힘들면 오늘 하루만 하고 버티는 것도 방법이 될까요?
154,오늘일기 첫날 앞집 지붕위로 보이는 회색하늘 전선생은 작년에 요리 블로그로 반드시 인플루언서가 되겠다 결심하고 작년 11월부터 겨울동안 거의 매일 밥상 위의 반찬 사진으로 요리 포스팅을 한 결과 드디어 인플루언서가 되었어요.
155,"셀프 인테리어 공사 중인 토담집에서 주방도 없이, 그릇도 없이, 제대로 된 요리사진 한장 없이 폰카로 요리 인플루언서 된 사람 저 빼고 또 있을까 싶네요."
156,"오늘일기 첫날 앞집 창고 지붕아래 매일 먹는 된장찌개, 청국장찌개, 김치찌개 등을 밥상에 올려 폰카 찍어 올렸네요."
157,그나마 겨울철 농사일이 없으니 방구석 구들장 아랫목에서 전선생이 할 수 있는 최선이었쥬?
158,추위 물러가고 따뜻한 봄날 되어 슬슬 바빠지기 시작하니 요즘은 쓸거리가 많아도 포스팅에 올릴 시간이 없어 건너 뛰기 일쑤에요.
159,오늘일기 첫날 비오는 아침 우리마을은 인터넷은 되는데 유플 인터넷은 아예 안되어요.
160,테더링 해서 쓰면 되지?
161,말은 쉽지만 데이터 때문에 안되는건 아닌데 속도 등 나이가 주는 여러 가지 기기 조작의 미숙함 등 아무튼 엘지 휴대폰 약정 끝나기만 기다리고 있어요.
162,로 갈아타려고 오늘일기 첫날 비오는 아침 물받이통이 필요해 오늘 새벽 날씨 매우 쌀쌀해요.
163,비도 주룩주룩 소리없이 내리고 있어요.
164,어제보다 무려 2도나 더 낮아요.
165,어제도 비온 후라 매우 쌀쌀했는데 오늘도 옷 따시게 입고 다녀야겠어요.
166,뭔 봄 날씨가 중간이 없네요.
167,해 뜨기 전엔 겨울 날씨 였다가 해뜨면 여름이다가 해 넘어가면 다시 겨울이 와요.
168,오늘일기 첫날 첫새벽 전선생 살고 있는 산골마을은 매우 추워서 겨울 털돕바 아직 입고 버티고 있어요.
169,지금 새벽 5시네요.
170,길고도 긴 겨울밤이더니 5시면 훤해져요.
171,자유로운 영혼 노마드 빼고 부지런한 사람은 하루 일을 벌써 시작하지요.
172,오늘일기 첫날 마당에 빗물이고이네 어제 저녁은 소비자분들께 택배로 옻순 보내고 남은 쇠고 질긴 옻순을 장아찌 담글 준비하느라 데치고 담가 울궈내고 헹구어 건져 가지런히 손질해놓고 간장 달여놓고 잤어요.
173,아침에 통에 담고 달인 간장을 붓기만 하면 되네요.
174,오늘 일기 첫날 빗물 따라 흐르는 송홧가루 6시반부터 시작되는 낭독 책읽기 들어가기 전에 일을 마무리 지어 놓았어요.
175,그래야 낭독 책읽기에 집중할 수 있겠쥬
176,전선생 좀 완벽주의 스타일이라 가능하면 매사 빈틈없이 일하려고 하는 바람에 늘 몸이 고달퍼유.
177,오늘일기 비오는 아침 옻순 장아찌 담그기 낭독 책읽기 마치고 전화 한통화 하다보니 어느새 비가 그쳤네요.
178,오늘 비 오고 난 후 공기 중 습도가 높으니 옻칠하면 좋겠어요.
179,황토벽에 풀칠 마치고 맨질맨질 잘 마무리 해서 며칠 말렸는데요.
180,고개 꺾어 천정보고 하는 젤 힘든 일은 이제 서까래 기둥에 옻칠하는 일 만 남았네요.
181,옻나무 키우며 옻으로 옻과 더불어 사는 전선생 이번 주 내내 옻순 따느라 바빴는데 이제 천정 서까래 옻칠까지 합니다.
182,오늘일기 첫날 옻순의 후유증 옻진은 생각보다 독성이 강해서 옻을 안타는 전선생도 옻순 작업하며 옻생진 묻은 곳은 살살 가려워요.
183,손목도 가렵고 세수하며 연약한 눈두덩 피부에 자극이갔는지 완쪽눈 피부가 살짝 가렵네요.
184,다른사람이 이 정도 옻에 노출 되었으면 전신이 붓고 빨개지고 가렵고 난리도 아닐텐데 전선생을 옻을 안타니 그나마 다행이지요.
185,다행스러운 기운받아 오늘도 보람찬 하루 노동을 시작하려 해요.
186,하루하루 예쁘게 다듬어지는 토담집 방을 보며 얼른 공방완성에 박차를 가하는 전선생 미래 희망을 그려봅니다.
187,앞으로 남은 생은 미니멀리즘 심플라이프를 추구하는 전선생이에요.
188,"가능한 새로 사는것 없이 가능한 있는것 재활용으로, 남는건 필요한 사람에게 주고 나누고 살고 싶네요."
189,미처 정리 되지 못한 창고와 구석구석 여기저기 늘어진 살림살이들이 눈을 어지럽히고 정신을 혼란스럽게 해요.
190,얼른 정리 해야죠.
191,하나씩 공간을 만들어 제자리 찾아 정리 해가며 용도에 맞는 공간을 창출해가며 일상을 채워가요.
192,뭐 이리 가지가지 할일이 끊이지 않는지 맥가이버처럼 만능팔!
193,외치면 쑥쑥 나와 해결되면 정말 좋겠어요.
194,오늘 아침은 일이 한가지 줄었어요.
195,꽃밭에 물주지 않아도 되네요.
196,하늘이 대신 해결 해 주네요.
197,비온 후 개인 날씨이지만 쌀쌀하고 흐릿해요.
198,비 온 후 맑은 공기가 너무 좋은 상큼한 아침이에요.
199,블챌 오늘일기로 시작하는 주말날씨 이만하면 좋지 않나요?
200,이웃님들도 맑은 기운으로 행복한 하루 시작하세요.
201,블챌 오늘일기 1일 1포스팅의 습관 시작이 반이다
202,"네이버 블로그는 맞지만, 확인불가"
203,저녁이 되니 이웃님들의 블로그에 네이버에서 오늘부터 진행하는 일기쓰기 챌린지의 글이 상당히 보인다.
204,"아무래도 조건없이 꾸준히 일기만 쓴다면 누적금액 16,000원을 준다고 하니, 가볍게 도전해 보고 싶은 챌린지인 것 같다."
205,"글자 수에 제한도 없고 이미지에 제한도 없고, 그저 꾸준히 해시태그와 함께 글만 쓰라하니 말이다."
206,나도 도전해 본다.
207,오늘일기 블챌 오늘은 핵심만남기고줄이는게체질 이라는 책을 읽었다.
208,두께가 얇고 마치 블로그나 브런치스타일로 줄바꿈과 문단이 구성되어 있던 책이었기에 읽기에 편했다.
209,아니 읽기 쉬웠다고 하는 것이 맞겠다.
210,기억에 남는 구절들을 후기를 쓰려 사진에 담았는데 그 중 인상깊었던 구절 중 한가지를 소개해 보자면 책을 읽겠다는 중압감 대신 한 권의 책에서 한 문장만 찾으면 된다는 글이었다.
211,"요즘 업무에서 여러 사람에게 전하는 메시지 작성에 대한 업무가 많다보니 무언가 더 그럴싸한 글, 있어보이는 말을 만든다고 말도 안되는 책을 읽느라 지루할 때도 있었는데 그 중압감 대신 한 문장이라도 찾으면 다행이라는 자세로 책을 대해봐야겠다."
212,점심에는 외식을 했다.
213,"엄마아빠와 중화요리 전문점에서 짜장면과 짬뽕, 칠리새우와 딤섬을 먹고 소화도 시킬 겸 이마트로 향했다."
214,이마트에 가게된 이유는 카드사에서 준 모바일 상품권을 실물 상품권으로 교환하기 위함이었다.
215,마트는 언제나 개미지옥이기에 상품권만 바꿔오지 못하고 가볍게 쇼핑을 즐겼다.
216,엄마는 냉장고의 물병이 작다며 느닷없이 2리터나 되는 물병을 집어드셨고 그 옆에 자리하던 스파게티 보관통도 저렴하니 두개 사야겠다고 집어드셨다.
217,갑자기 내 가방에는 통 3개가 자리잡고 있었다.
218,비가 올 것 같아 더이상 무거운 것을 사기는 애매하니 어린이날에 다시 와보자는 말과 함께 엄마와 나는 커피 하나씩을 집어 들었다.
219,이마트다보니 노브랜드 상품이 있어 처음으로 노브랜드의 커피를 마셔보았다.
220,카라멜 마끼아또였는데 적당한 단맛에 꽤 마실만 하였다.
221,그 옆의 스타벅스의 반 정도의 가격이었지만 퀄리티가 절반 수준은 아니었기에 성공했다라고 할만 했다.
222,집으로 돌아오는 길에 엄마가 네잎클로버를 발견하였다.
223,집 주변 공원에 워낙 세잎클로버가 많아 어딘가에 네잎클로버도 하나 있겠지 싶었는데 이렇게 쉽게 발견할 줄이야.
224,거기다가 유독 큰 아이가 네잎클로버였기에 잘 말려보려 책상 위의 노트 사이에 꽂아보았다.
225,대체 이 매일매일 챌린지를 내가 얼마나 할 수 있을지는 모르겠지만 시작이 반이라고 하니 일단 반은 한걸로 쳐야겠다.
226,참 네이버가 블로그를 다시 살려보려 조건없이 캐시를 뿌리는 이벤트도 다 하는구나 싶다.
227,예상보다 카카오의 브런치가 선전하며 나도 살짝 브런치를 고민하기 시작했는데 타이밍 좋은 이벤트에 다시 발목 잡히는 기분이다.
228,여기다 쌓아놓은 내 추억이 한 순간 증발하지 않게.
229,", 블로그씨 시작 매일매일 챌린지 시즌1 오늘일기, 오늘부터 시작합니다!"
230,평온한 미소 2주 동안 매일 블로그에 일기쓰고 선물 받아가세요!
231,공식블로그에서 확인하기 네이버에서 매일매일챌린지 를 오늘부터 시작한다.
232,"오늘 1일부터 14일까지 매일 같이 네이버 오늘일기 를 쓰고 오늘일기 블챌 태그 2개를 붙이면 네이버 페이를 포인트로 16,000원 준다고 한다."
233,"16,000원 때문에 쓰는 것은 아니고 이번 기회에 블로그도 매일 들어오고자 하는 다짐도 해보며 소소하게 하고 싶은 이야기가 있지만 글로 쓰기 그랬던 것들을 끄적거려보려 한다."
234,사실 오늘일기는 오늘 일이 아니다.
235,며칠 전 강화에서 있었던 일인데 오늘 주차위반 딱지가 날아와서 그날 있었던 일을 적어본다.
236,돌이켜보니 참 되는 일이 없었던 날인 것 같다.
237,동생들이랑 신도림에서 만나 강화도를 가려고 했다.
238,멀리서 오는 동생이 일정을 다 짜왔다.
239,허영만의 백반기행에 나왔던 강화집도 들르자고 해서 내가 밥부터 먹으면 어떠냐고 하면서 순서를 바꿨다.
240,마침 다들 아침을 먹지 않은 터라 그러자고 했다.
241,가게 앞에 도착해보니 주차할 곳이 없었다.
242,그래서 가게에 전화해서 주차할 수 있는 곳을 물어봤더니 건물 뒤쪽에 유료 주차장이 있다고 알려주셨다.
243,뒤로 가봤는데도 유료 주차장은 못 찾아 주택가로 들어가서 주차를 했다.
244,어떤 차도 주차해 있었고 카메라는 없는 주택가라 안심하고 주차를 하고 식사를 하러 갔다.
245,카메라 보지 못했음 새벽 3시에 문을 열고 오후 2시까지만 한다는 이곳.
246,가서 보니 가격도 무척 착했다.
247,근데 좀 지저분한 건 사실 만 원도 안 되는 금액에 반찬이 이만큼이나 나왔다.
248,레트로한 오봉에 반찬을 담아주니 우린 또 좋다고 호들갑을 떨었다.
249,반찬이 맛있어서 역시 백반기행에 나올만하구나 싶기도 했다.
250,배는 불렀지만 밥 한 그릇을 다 비웠다.
251,왠지 남기면 안 될 것 같은??
252,동생은 곰국을 주문했는데 깔끔하다고 국물까지 싹 먹었다.
253,고 노래를 부르면서 만족해하는 얼굴로 나왔다.
254,우리의 첫 목적지였던 교동 풍물시장을 갔다.
255,어찌나 복잡한지 난리도 이런 난리도 없었다.
256,차가 한 대씩 들어가고 있는 상황에 내 뒤에 있던 차량이 들이밀고 들어와 내 백미러를 건드렸다.
257,어머 어머 미쳤어
258,내가 한 말이 블랙박스에 들렸음 창문을 여니..
259,상대 쪽에서 나한테 오히려 내가 먼저 끼어들어서 이렇게 했다고 하면서 차 안에서 노부부가 소리소리 질러댔다.
260,지나갈 수 있는 상황도 아닌데 내 앞으로 가시려고 해서 백미러를 접어드렸다.
261,절대 빠져나갈 상황이 아니어서 다시 내가 지나갔다.
262,이때까지도 내 차가 긁힌 줄도 몰랐다.
263,그분도 모르셨던 듯 시장에 주차하려고 하는데 주차공간은 없어서 한 바퀴를 돌고 있는데 그 차가 계속 쫓아왔다.
264,"저, 아저씨 보복하고 싶으신 모양이다 ."
265,주차 자리가 남아서 뒤에 따라오는 아저씨 대라고 양보하고 나는 지나쳐서 왔는데도 주차 안 하고 나를 따라왔다.
266,나는 다른 곳에 주차를 했고 주차를 하고 내 차를 보니 기암을 했다.
267,이렇게 긁힌 줄 모르고 .
268,. 씩씩대고 있는데 상대방 노부부가 오더니...
269,아줌마가 끼워 들어서 이렇게 된 거니 너 잘못이라는 투로 막말을 하신다.
270,아무리 끼어들었더라도 차가 반 이상 앞에 있는 차량을 긁고 지나가셨어야 했냐
271,라며 나도 대들고 옆에 있던 동생도 대들었다.
272,우리가 놀래서 도망이라도 갈 줄 알았는지 너희 몇 살이냐?
273,부터 시작해서 말도 안 되는 말로 큰소리를 쳐 댔다.
274,그 소리에도 우리가 꿈쩍을 안 하고 당당하게 대응하니 오히려 무척 당황을 하신 모습이었다.
275,아저씨는 몸을 떠셨다.
276,나이 드시면 운전 감각도 둔해져서 사고가 난다고 해서 참았는데 미안하다는 말도 없으심 실랑이를 해봤자 말도 통하지 않고 해결이 되지 않을듯해서 경찰도 부르고 보험회사에 연락해서 처리했다.
277,쌍방 과실이지만 내 차가 앞에 있어서 상대방이 더 손해를 보게 됐다는 결론.
278,어쨌거나 보험처리로 차를 수리해고 싹 잊었는데 오늘 또 강화도에서 주차 위반을 했다는 딱지가 날아왔다.
279,아놔 카메라 없었는데..
280,베스킨라빈스 앞이라니.. .
281,나 유료 주차하는 거 아까워하는 사람 절대 아닌데 이날따라 밥 먹는거에 뭐 그리 급했던지..
282,암튼 6000원짜리 밥 먹고 32000원 딱지 내야 하는 건 넘 억울하다.
283,네이버 오늘일기 쓰고 16000원이라도 벌어야겠다.
284,그리고 다음부터는 유료주차장에 꼭 넣어야겠다.
285,"1일 1블로그 대기중인데, 벌써 밤 11시 계획했던 포스팅 업로드 하려다가 저도 블로그챌린지 도전해봅니다!"
286,"매일 일기라니, 흠 저는 예전에는 에버노트에 매일 일기와 기록을 디테일하게 남겼었는데, 요즘 조금 뜸했어요."
287,다이어리에 일정이나 할 일만 기록할 뿐!
288,에 끄적 끄적 기록을 남겨보려고 합니다.
289,그럼 1일 2포스팅?
290,오늘은 시작하는 마음으로 하루 브리핑 정도로 끝낼게요!
291,헤헷 간만에 시간에 쫓기지 않는 토요일이라 자유를 만끽 ?
292,"오전 내내 흐렸지만, 우산 하나 챙겨들고 광교 호수공원도 걷고, 갤러리아 광교도 잠깐 돌아다니다가, 롯데아울렛 어반테라스에서 점심도 먹었어요."
293,어반테라스 미몽집 메뉴 바뀌었어요!!!
294,"집에 와서는 주말 청소도 하고요, 물건들이 제자리 제자리를 찾고, 먼지도 치워주고, 식물에 물도 주고요!"
295,그리고 넷플릭스 괴물 을 보고 있어요.
296,신하균 연기 매력 어쩜...
297,전 스릴러 많이 읽고 보기 때문에 ?
298,"웬만한 추리로 범인 바로 알아채는 편인데, 괴물 첫 범인은 금방 알아챘고요, 두 번째 범인은 여럿이라 살짝 느렸지만 대충 눈치 챘습니다"
299,범인 잡는 게 주가 아니고 풀어내는 이야기가 재밌는 듯 해요!
300,"참, 매거진 교직원 공제회 매거진 에 조지아 한 달 살기 원고 썼어요."
301,5월호에 실려서 오늘 배송 받았지요!
302,이건 나중에 자세히 포스팅해서 소개할게요.
303,"초보 프리랜서는 책 관련이라면 최대한 다 기록할 예정 저 병원일기도 공유해야 하는데, 조만간 오늘일기 블챌 로 기록 남길게요!"
304,"모두 즐거운 토요일 밤, 편안한 밤 되셔요"
305,"아직 블챌 시작 안하신 분들, 지금 밤 12시 되려면 아직 시간 남았으니까 함께 도전해요!"
306,단 한 줄을 쓰더라도 매일 매일이 포인트!
307,오늘일기와 블챌 해시태그만 달면 끄읕
308,오늘 의 오늘은 새벽5시 30분 기상해서 아침긍정확인과 명상으로 하루를 시작합니다
309,아이비가 이쁘게 잘 자라주고 있네요
310,긍정확언을 매일 매일 빼놓지않고 시작한지 4개월이 되었습니다.
311,매일 아침 나를 바로 세워주는 긍정 확언의 힘....
312,그리고 오늘은 켈파100 독서모임이 있는 날입니다.
313,켈리최 회장님 추천도서 100권을 1년동안 읽어나가는 모임인데요..
314,벌써 3개월째 함께 팀웍을 이루며 잘 하고 있습니다.
315,다만 일주일에 책을 두권씩 읽는 다는 것이 흑...
316,점점 쌓여가는 빚쟁이마냥 책이 밀려갑니다..
317,책 두께 보이시죠???
318,그냥 일반적인 두께의 책도 있지만....
319,가끔 저런 복병이 툭튀 팔운동하기 딱 좋은 사이즈입니다.
320,다들 쏟아지는 책의 부담감을 해소하고자 요즘은 협독해서 읽고 있어요
321,각자 파트를 맡아서 맡은 부분은 요약 정리해서 발표하는 형식으로 함께 한 시간이 길어질수록....
322,서로에 대한 마음이 깊어감이 느껴집니다.
323,우리의 목표는 1년동안 100권을 읽고 파리로 날아가 켈리최 회장님을 만나는 것입니다.
324,생각만해도 가슴 벅차오르네요
325,그리고 오늘 중요한 또하나의 일정은 얼마전 진행했던 인스타 500명 팔로우 이벤트 당첨자 발표 !!
326,. 사실 전 인스타 팔로우 늘리려고 많은 노력을 하진않았거든요...
327,지금 계정도 인증을 위해 만든 계정인데...
328,오히려 본계정보다 더 커졌지 뭡니까
329,이유는 딱 하나....
330,꾸준히 피드를 올리고 찐 소통을 했던것 그게 주요 요인듯합니다.
331,켈리스와 활동을 하다보니 자연스레 자기계발에 열심히신 분들을 알게되고 그분들과 소통을 하다보니 늘 작심삼일이었던 저의 일상에도 변화가 찾아오고 하나씩 알아가는 즐거움에 요즘은 하루하루가 즐겁습니다.
332,1년뒤에 저의 모습이...
333,오늘부터 오늘 일기 챌린지를 시작합니다.
334,꾸준함이 답임을 알기에.....
335,이번엔 제대로 실천해보려고 합니다.
336,때마침 네이버에서 치킨값도 준다고하니 얼마나 꿀입니꽈 !!
337,님도보고 뽕도따고 도랑치고 가재잡고 이제 일기 마무리하고 다시 책 읽으러 가야합니다.
338,오늘은 부부독모도 있는 날이거든요.
339,책과 함꼐 성장하는 오늘 입니다.
340,읽어봐주셔서 감사합니다
341,블챌 오늘일기 독서모임 켈파100 동백나비 부독모 켈리스 웰씽커 열정대학생 생각에관한생각 꾸준함이답이다 꾸답챌린지 주말엔 책읽어요 인스타팔로우늘리기비법 찐소통이답
342,1 벌써 5월이라니 시간은 참으로 야속하게 내게 대하여 속도를 낸다 모두에게 똑같이 쥐어주는 시간인데 왜 점점 그 지나감은 세월이 흐를수록 속절없이 빠져나가는 것처럼 느끼는 것일까 블챌 오늘일기 감사하게도 2주간 하루하루를 돌아볼 수 있는 이벤트가 생겼고 어떤 이야기로 시작을 해볼까 하다가 새로운 달을 맞이해 첫 페이지를 기록하는 내 묵상책의 이야기를 남겨보기로 한다
343,정확히는 나를 챙겨주는 언니의 고마운 선물 이라고 해야할까 나는 우리집의 장녀이다
344,그런데도 어떠한 수식어를 붙이지 않고 언니 라고 부르는 두 명의 천사가 있다 그 중에 한 명인 이 언니는 내게 두 달에 한 번 이렇게 묵상책을 보내준다
345,코로나로 인해 교회에서 예배드리지 못하게 된 것이 벌써 일년이 넘었고 아마도 그 무렵부터 언니는 내게 묵상책을 보내주었던 것 같다
346,나의 묵상책은 두 달치가 묶여 있는데 한 달씩 나뉘는 일반 묵상책이었더라면 언니가 더욱 고생을 했을 것이다
347,아니면 이런 수고로움을 하지 않았을지도 모르겠다
348,그냥 보내주는 법 없이 늘 이런 선물들을 하나씩 보내준다
349,이것은 고급스러운 가죽그립톡 손수 만들어서 보내준 것이다
350,아이디어스 에도 등록해 판매중인 언니의 아니 정확히는 형부의 작품들 잘 쓸께요
351,말씀과 묵상기록과 도움말과 간증이 또박또박 각 자리를 채워 나의 묵상이 풍성하도록 해준다
352,이건 저번에 보내준 선물 묵상책에 꼬옥 맞게 제작된 가죽커버이다
353,내 이름도 꾹꾹 눌러 애착이 생기지 아니할 수 없게 만들었다
354,나를 너무 잘 아는 사람 가죽커버는 내가 사용하는 생활감을 고스란히 받아들이는 무슨 어떤 가죽이라고 설명해줬다 난 참 기억력도 좋지 않은데 미안하지만 그래도 괜찮다고 쓰담쓰담 해줄 언니 이렇게 꼬옥 맞도록 어쩜 이렇게 잘 만들었을까 세심하게 메모꽂이도 만들어줬는데 교회에서 우편으로 보내 준 올해의 말씀을 꽂아둘 수 있었다 어쩜 이렇게 딱 맞춘거지 소스라치게 놀랄정도로 딱 맞다 지난 3.
355,4월의 묵상책을 빼어내고 5.
356,6월의 묵상책을 끼워 넣는다 사람들은 약해빠진 사람들이 종교를 갖는다 고 한다
357,나는 너무 연약하다
358,그래서 세상 모든 것이 나를 버리고 등돌렸다고 생각할 때 그 사무치는 배신감과 외로움과 쓸쓸함과 고통과 힘겨움과 아픔과 좌절이 내게 힘껏 쏟아지는 것 같을 때 내가 오롯이 잡고 있는 것 하나가 이 믿음 이다
359,그래서 결국 살고 있으니 그럼 된 것 아닌가
360,이건 처음 묵상책을 받았을 때 내가 찍어둔 사진이다
361,이렇게 고운 모습이었는데 나랑 함께하며 생긴 곱지 않은 흔적들도 참 좋다 꾹꾹 눌러 새겨 넣어 준 내 이름 그러고보니 저 가죽파우치도 지금 내 가방에 들어 있다
362,내가 참 많은 선물을 받았구나
363,사실 이 외에도 브라운 가죽 파우치랑 양가죽 필통이랑 가죽 트레이랑 가죽 팔찌랑 가죽 핸드폰가방도 선물 받았다 내게 가장 사랑스러운 명품 언니가 내게 차곡차곡 보내주는 사랑 내게 참 감사한 사람이다
364,오늘일기 너무 진심적으로 썼네
365,"쓰는 김에 무의식적인 흐름이지만 감사한 마음으로 형부의 아이디어스 스토어도 슬쩍 남겨놔야겠다 반드시 필요한 사람이 발견할 수 있길 미안 아바드가죽공방 당신의 삶에 기쁨이기를 좋아하는 작가로 사랑 누르시면 업뎃알람, 이벤트, 각종 쿠폰 소식 등을 받아보실 수 있습니다"
366,블챌 오늘일기 첫 기록 마침.
367,한국시간에 맞춰서 오늘부터 시작하는 블로그챌린지 오늘일기 나도 도전하겠어!!
368,성공해서 네이버페이 포인트 받으면 그걸로 베이킹 도구 더 사서 받아보고싶당...
369,캐나다에도 봄날이 스믈스믈 시작될랑말랑이다!
370,물론 이러다가 느닷없이 눈이와도 어색함 인 캘거리지만!
371,캐나다에서 봄 여름이 오고있다는걸 나는 가든센터가 오픈할때 제일 잘 느끼는것같다!
372,"코슷코, 월마트, 홈디포, 등등에서 가든센터를 볼 수 있는데 나는 타운하우스에 사는데 우리 개인 마당이 따로 없으니 크게 관심도 없고, 난 원래 선인장도 죽이는 똥손에다가, 내마당이 있었더라도 벌레밭에 들어가 가드닝 하고싶은 마음이 1도 없기에 그냥 허브종류나 한번 사볼까하고 구경하러 들어갔다왔다."
373,가드닝 조아하는 캐네디언들은 카트에 한가득 많이들 쓸어가던데..
374,내가 다녀온곳에는 허브종류는 1도 없었지만 꽃은 많더이다.
375,"근데 나도 나이가 들었는지, 꽃에 눈이 가고, 나도몰래 사진찍고있더라능 원래 우리네 어머니들께서 그렇게 꽃사진 찍는거 조아하고 막 프사로 해놓고 그런거 아닌가"
376,암튼 이렇게 늙어가는것인지......
377,"색은 초큼 촌스럽지만, 그래도 내가 제일 조아하는 수국!"
378,"하이드렌지아, 영어로도 한국말로도 이름도 모르는 갖가지 꽃들이 열맞춰 서있으니 더 예뻐보임!"
379,선인장도 엄청 다양하고 멀리서 로즈마리인줄 알고 가까이서보니 라벤터였다는!
380,한국의 갬성카페에 하나씩 있을거같은 이름모를 나무들까지.
381,"캘거리는 봄 여름이 짧고 겨울이 더 길다보니, 타이밍을 조금만 놓치면 한해 가드닝은 못하는거라고 하던데, 다음엔 다른 가든센터에도 가보고 로즈마리, 바질, 파슬리 이런 종류라도 한번 키워봐야겠다!"
382,"나도 언젠가 단독주택을 사게되면, 꽃종류말고 허브나, 야채종류로 한번 도전해볼수있을까."
383,암튼 이렇게 오늘의 블챌 오늘일기 끝!
384,아침부터 계획한 일을 하기 위해 움직이는 남푠따라 같이 움직여봐유 요즘따라 음식에 참기름을 많이 먹다가 보니 나온 소리가 또 일을 만들었시유
385,들깨는 안심어도 참깨는 심어야 할라나
386,봐 가져왔시유
387,참깨종자를 한다고 놔둔것을 실버가 냉동실에 넣어두고 다 먹어서 씨도 먹었는디...
388,참말로 재주도 좋아유 헐수 없이 또 포트에 참깨를 심어유 이것을 끝나면 좋쥬
389,참깨가 자라서 다시 밭으로 일일이 심어야 하는게 일이니 그게 문제구먼유 그러면서 남푠 말이 어째 세 판만 하라고 빼주었는데 네 판이나 심으셨네
390,그류 하나는 그냥 몇개 겹쳐서 던져둔것을 그것도 하라고 한 줄 알고 열심히 심었던 것이쥬
391,문제는 판이 겹쳐져서 빼는데 얇다보니 깨질라...
392,둘이 조심조심 오전에 나갔다 올게
393,하던 남푠이 몇 시간 후에 나타났시유
394,테라스 지붕 보강을 하기 위해 나무를 사가지고 왔대유
395,마늘쫑 뽑다가 얼른 나가서 저기 맞은편은 약 주는데...
396,우리와 비교거부한대유 에효...
397,어째 실버 눈에는 우리 마늘이 영 싱싱해 보이지를 않은데 남푠은 잘 크고 있다고 허니 뭐라 더 말도 못혀유 보강재로 사온 나무가 튼튼혀서 비 오면 샌다고 내려 앉는다고 걱정이었던것을 한 방에 해결해줄것 같어유 근디 힘들게 실버가 쪼그리고 앉아서 뿌린 도라지 를 자꾸 차에 실어유 뭔일이래 또 다시 알게된 분에게 선물하는 것이래유
398,집으로 들어오는 입구에서 난을 키우시는 분이신데 엄청 크게 하셔유 이웃형님이 서로 알고 지내라고 함께 밥 먹으며 정식으로 소개해주셨대유
399,매일 시간 날때 마다 조금씩 도는 마늘 쫑 뽑기 남푠은 많이 큰 뒤 에 날 잡아서 해야 한다지만 그건 일을 힘들게 하는것이니 일 없는 실버가 산책삼아 마늘 밭을 보물찾기하는 것처럼 배회하고 있시유
400,한 바퀴 돌고 왔는디...
401,아까 토관 위에서 실버가 뭐하냐고 불렀는디..
402,혹시라도 어쩌까나 싶다가도 아니야 빠졌어도 나왔을겨...
403,"줄이 없었는디,,, 올라올때 아무것도 안보였는디.."
404,흐미 별 생각을 다 하며 혹시라도 싶어 토관을 가려는 찰나 남푠이 보였시유
405,마늘 밭에서 쪼그리고 앉아 풀 뽑고 있었던규 흐미야 오늘은 마늘 밭에 물을 줘야 한대유
406,너무 물을 안주어서 땅이 마르면 마늘쫑이 빨리 올라온다고 허네유 소나무 밭에 물을 주면 물을 조금이라도 아끼기위해 다시 받아서 토관으로 향하게 해주는 장치를 했시유
407,물을 듬뿍 마시고 남은 물은 다시 토관으로 지붕우수관으로 나오는 빗물장치도 해본다는데...
408,언제 매일 마늘쫑 순례를 하면 이만큼씩 따 오다보니 요즘은 마늘쫑 반찬 하기 바뻐유 마늘쫑과두부만 넣은 연한 된장국도 맛있네
409,유 물을 주고 난 뒤에 밤 부터 비가 내렸구먼유 항상 쓰는 오늘일기 블챌 블로그챌린지 1일입니다
410,블챌 오늘일기 심포항 심포항유기견 유기견신고 유기견110번신고 110신고 유기견 심포항 전라북도 김제시 진봉면 심포리 1666 14 유기견 신고..
411,심포항이란 곳에 갔습니다.
412,마음이 너무 힘들어 바람을 좀쐬면..
413,고향에 다녀오면 하는 생각에서 갔지요.
414,마음이 더 아파옵니다.
415,아주 예쁜 두마리의 애기가 있었습니다.
416,언제부터 있었는지..
417,그래도 모습을보니 버린 주인이 꽤나 신경써준 모습인데 저 이쁜 애들을..
418,전 알레르기가 있습니다.
419,어떤 결과가 올지 알기에 저 아이들한테 다가가지도 못합니다.
420,그렇지만 발걸음이 떨어지질 않습니다.
421,왠지 저 아이들의 모습에서 제 모습이 비춰지듯..
422,인터넷을 뒤져봅니다.
423,신고는 어떻게 해야하는지.
424,시청에다가 전화도하고 유기견센터..
425,여러곳에 전화를 돌려도 시원스레 해결이 되질 않습니다.
426,낙담하던차에 119에 전화를 걸었더니 110번을 소개를 해줍니다.
427,유기견에 대해 또 다시 설명을 해주니 이제 포획을 해주는 부서에 연결이 되네요.
428,근데 그 곳도 아시더군요.
429,아이들이 버려진지 꽤된듯 합니다.
430,제가 먹이를 주었더니 가만히 있었다
431,라는 정보를 알려줍니다.
432,다시 신고접수가 되었고 먹이를 이용한 포획계획을 세우겠다는 말을 해줍니다..
433,전 여기까지 입니다.
434,도와주지 못해 미안하다.
435,연락을 마친뒤 제가 먹으려던 간식을 꺼내서 아이들 앞에 내어줍니다.
436,얼마나 바가 고팠던지..
437,제가 차에 타려하자 아이들이 제게 다가옵니다.
438,다음엔 너희를 언제나 사랑해주는 좋은 주인을 만나.
439,오늘부터 이주동안 꾸준히 블챌 오늘일기 쓰면 네이버 페이를 준대요오 그래서 열심히 해보려구 함미댜 네이버페이에 눈먼 여자 마쟈요?!
440,네이버페이에 영혼을 걸었으니 오랜만에 털어보는 일상!!!!
441,일주일에 2번이나 만들어먹은 핫도그빵빵빵!!!
442,이거 너모 맛있어요
443,우리집 근처 사는 사람이면 다 나눠주고품 혹쉬 이 글은 보고 계시는 오프라인 이웃님 중에 우리집 근처라서 받으러 오실 수 있우면 연락주세요
444,사랑 아직 냉동고에 몇개 숨겨둔게 있오요!!
445,작게 모닝빵 사이즈로도 만들어서 아가있는 집에 놀러도 댕겨와쒀요 나 빵 좀 잘하눈듯 제과제빵 자격증 실력을 집에서만 써봅니다
446,열심히 만든 보람있게 핫도그만들기 대회도 개최해보았어요
447,오 보라
448,언니랑 혜빈이 아영언니 지은언니 우리오빠 보라
449,언니가 오빠거보고 초딩이 엄마한테 효도하겠다고 만든 곳 같다곸 제일 못 만들었눈
450,눈데 제일 귀여워요?
451,작고 귀엽고 예쁜 솜솜이 보러 댕겨왔오요
452,넘모 기여븐 등짝사랑 어떻게 이렇게 작고 소중하지?!!!
453,이뿐 다솜이 돌상을 함께했어요
454,사랑 케이크 주문도 해갔답니다
455,아 내년에는 이모가 케키 만들어줄게?!!!!
456,4월 3일 교통사고가 나서....
457,그뒤로 열심히 진료를 받으러 다니고 있오요 이날은 머리에 침을 놔주시더라구요?
458,안테나 꽂고 10분동안 얌전히 있었어요....
459,머리는 안놨으묜 좋겠어요....
460,어머님이 챙겨주신 문어다리!!!
461,완전 큰 문어인지 2개인데도 제 주먹보다 커요?!
462,어머님은 맨날 맛있는거 있으면 다 챙겨주시는 것 같아요
463,저번에 게장도 맛있게 먹었눈데에 행복한 돼지가 되어갑니다
464,열심히 썰어본 문어 처음 해봐서 너무 동글동글하게 됐지만 그래도 만족!!!
465,접시가 작아보이지만 진짜 큰 접시인데 문어다리 2개로 가득 채워졌어요
466,너모 행복했던 식사 사랑 오늘일기 끝
467,오늘일기 블챌 .
468,어제 급섭외 되어 영화 촬영 다녀왔지요
469,영화 극한직업 차기작 강원도 정선으로 새벽촬영 다녀왔어요
470,다행히 자차로 안 가고 전세버스로 이동 휴우 !!!
471,새벽운전 무서워요 촬영장소는 정선 하이원 야경 완전 멋짐요!!
472,하이원리조트그랜드호텔 컨벤션타워 강원도 정선군 사북읍 하이원길 265 제가 다녀 본 영화촬영 현장 분위기는 늘 좋아요 역할이 작던 크던 대배우 처럼 극진하게 대해 주세요
473,영화 스텝분들의 전통인가?
474,제 촬영소품이 조금 무게가 나갔는데 소품팀에서 제씬 끝나자 마자 무겁다고 뛰어와서 들어주시고 !!!!
475,다시 촬영될 때 까지 대신 들어주시고 와우 !!!
476,왠지 대배우된 느낌 특히 영화는 한씬 한씬 자수를 놓듯이 정성스럽게 만드십니다
477,영화나 드라마 제작 현장 보신다면 완성작 보시고 쉽게 평가 할 수 없을거에요
478,제가 들어가는 씬도 완성작으로 보시면 평이 한 씬일 텐데 몇번을 찍었나 몰라요 !!!
479,카메라 뒤에서 따라오고 앞에서 찍고 옆에서 찍고 윤여정 배우가 작퓸을 선택하는 기준 사람 이라고 하셨잖아요
480,정말 좋은 사람들이 만드는 현장 !!
481,그리고 보면 현장 분위기가 좋은 곳이 나중에 보면 흥행도 잘 되더라구요 !!
482,사람들 소중히 하는 한국영화 늘 흥해라 !!!
483,아 이번에 다녀온 작품 정보 흘리고 싶어서 입이 근질 근질 한데요
484,진짜 이쁜 여배우랑 대사 하는 씬 있었어요
485,그리고 감독님도 흥행 보증수표 감독님 !!
486,이정도 애들도 다 커서 지방 촬영 다녀도 편해졌어요
487,정선 사진 보내니깐 울 아들은 놀러 간 줄 2021년 일년에 딱 3편만 영화 출연하면 좋겠어요
488,"매일매일 일일 1포스팅의 각오만 다지던 중, 친구가 보내준 블로그 챌린지를 소개해보려고 한다."
489,"소개 겸 나도 열심히 쓰겠다,는 공언이기도 하다."
490,블챌 안내 페이지는 아래에 숑숑.
491,요약하면 아래와 같다.
492,. . . 222325193684 네이버 블로그팀 공식블로그 네이버 블로그 네이버 블로그팀입니다.
493,여러분의 사랑과 관심으로 서로이웃이 가득 찼습니다.
494,이웃으로 추가해주세요.
495,오늘 일기 쓰고 네이버 포인트 받아요!
496,오늘일기 분량 상관 없이 전체 공개 로 5월 1일부터 14일까지 2주간 블로그에 매일매일 나의 하루를 남기면 된다.
497,찾아보니 그 외에도 챌린지 프로그램 이라고 하여 블로그챌린지 통해 여러 미션 위젯을 등록하고 기록의 힘을 쌓아가는 코너가 있었다.
498,"연재를 이어가면 해당 분야 위젯 의 스타터, 주니어, 마스터 순으로 기록의 힘 ?!!"
499,이 커진다.
500,좋은 도전인거 같아서...
501,나도 도전!
502,나는 좋은 부모와 최근 공부를 시작한 임상심리사 마스터하기 위해 꾸준히 글을 써볼까 한다.
503,근데 아직 하나도 못쓴거 실화......?...??!!..
504,"나는 원래 1일 1포스팅이 목표였으니, 블로그 메뉴들을 정비하고 그간 미뤘던 독서, 육아 포스팅을 올려보려고 한다."
505,1일 1포스팅 과연 성공할 수 있을까....
506,모두 함께 도전해요!
507,네이버에서 5월1일 5월14일 2주동안 블로그챌린지 오늘일기를 작성하면 총 16000원을 네이버페이로 적립해주는 이벤트를 시작했어요.
508,1일1포스팅이 쉽지 않은데 분량제한이 있는 건 아니니 잇님들도 도전해보세요.
509,저도 짧지만 기록해둘만한 육아일기로 도전해보고자 해요
510,블챌 오늘일기 블챌 오늘일기 1 언니가 좋아 시간은 빨리도 지나가서 둘찌도 벌써 8개월.
511,퇴근 후 첫찌를 데리고 집에오면 둘찌가 자기전까지 짧은 시간을 함께 보내는데 둘찌가 엄마보다는 아빠 !
512,하며 엄마품에서 앵 하고 울어버리는 순간.
513,서운할 때도 있지만 유후 할 때도 있었다는 점 인정.
514,일하고 지쳐서 들어오는 날에는 씻고 밥 먹고나면 잘 시간일때가 많아서 둘찌랑 온전히 시간을 보내는 날은 주말 뿐이더라는..
515,훌쩍 언니가 저리가라고 매몰차게 대해도 아랑곳하지 않고 졸졸 쫓아다니는 둘찌.
516,요즘 둘찌의 주특기는 언니 머리채잡기?
517,"언니 멱살잡기,언니 장난감 뺏기등등.."
518,점점 특기종목을 갱신하고 있는데 당하는 언니도 가만히 있는 분이 아니셔서 조만간 전쟁이 일어나지 않을까 싶다는...
519,"그래도 아직은 늘 승자가 둘찌 그렇게 아가 예쁘다고 좋아하던 연아양은 어디로 지금은 엄마, 빨리 설아 잡고 있어 !"
520,내가 가지고 노는 장난감 이렇게 하잖아
521,하면서 징징 시작 언니 좋아하는것도 신기하고 귀여워서 연아의 반응도 왜이렇게 귀여운지 도치맘 어디 안 갔어요
522,심하지만 않으면 제재를 하진 않고 있는데 첫찌 성격이 점점 난폭해지는 느낌 어젠 둘찌 가지고 놀라고 꺼낸 쌓기 장난감을 자기꺼 라면서 가지고 놀다가 둘찌가 돌진하니까 설아가 다시 엄마 뱃속으로 들어갔으면 좋겠어 !
523,!!!! 그동안 첫찌도 쌓인게 많구나 싶어 둘찌를 아빠에게 맡기고 쌓기놀이를 신나게 함께 해주고 웃어주고 수다떨고 이야기를 들어주니 금새 좋아서 웃는 첫찌 짠 엄마가 잘하께
524,동생이 팔뚝에 타이어 다섯개씩 두르고 있어서 올록볼록 귀여워서 매일 꼬집꼬집 해보고 꾹꾹 눌러보는 중 크면 너보다 힘세질거 같으니까 동생한테 잘하라고 우스갯소리로 얘기하는데 진실이 될 것 같은 느낌적인 느낌 내일은 또 어떤일이 벌어질지 궁금해하며 오늘일기는 여기서 끄읕
525,토요일 아침인데 아침 7시에 눈을 떴다.
526,요즘 아침형 인간??
527,이 되어가는 중 벌써 한달이 넘었는데 자동으로 눈이 떠지는게 신기하다..
528,근데 오후에 낮잠자는건 어쩔...
529,눈뜨자마자 아침도 꼬박꼬박 챙겨먹고 삼시세끼녀가 되었다.
530,살 빼겠다고 늘 말만하고 먹는걸 너무 좋아해서 다이어트는 평생하는걸로 아침10시에 스크린 예약을 신랑이랑 둘이 가는걸로 예약을 했는데 ..
531,나가려는 순간 조리대 상판이 왔다.
532,다행이 10분에 끝내줘서 스크린이 조금밖에 늦지 않았다..
533,주말아침예약은 미리하지 않으면 칠수가 없어서 하루전에 예약한거라 꼭 가야했다..
534,오랜만이라 특히 더 가고 싶었다는..
535,시니어티를 놓고 치다가 레이디로 쳤더니 76타가 나왔다..
536,타수를 줄이려면 레이디로..
537,언더파는 언제 쳐보지??
538,1시 예약된 인기명 보정점 조갈찜 먹으러 고고 운동하고 먹으니 더 꿀맛..
539,바닥까지 싹싹 비우고 다 먹었다는건 안비밀..
540,낮부터 맥주한잔을 안할수가 없었네
541,먹으면서 짝꿍이랑 어디갈까 하다가 원래는 트레이더스였는데 이천롯데프리미엄아울렛을 가기로하고 나섰는데 티맵에 1시간이 넘게 걸린단다...
542,결국 로 운동하러 고고 결혼기념일 선물을 나만 받고 아직도 짝꿍이한테 선물을 주지 못해 내내 미안한데 ..
543,집안 공사하느라 내가 많이 썼다고 괜찮단다..
544,그래도 선물은 선물인데... .
545,1시간 30분을 쳤다.
546,오늘은 힘이 펄펄이네 5월 첫날이라 기록을 남겨야겠다는 의지가 불타서 힘이 잔뜩 들어가서 기록이 안나와서 속상..
547,그래도 드라이버 196 을 찍었으니 됐다..
548,집에 오자마자 또 일을 했다
549,아일랜드 상판으로 쓰던 테이블을 수리 씽크대로 쓰던걸 지금은 테이블로 쓰는건데 약간 잘려나간 부분이 있었다.
550,암튼 내 손으로 직접 수리를 했다.
551,근데 과정샷을 찍어서 블로그에 포스팅 했어야 하는데...
552,. 난 셀프인테리어를 할때마다 사진은 잊어버려서 포스팅을 못하는게 태반이다..
553,마음은 늘 과정샷을 찍어서 올려야지 인데 다 마무리하고나면 생각나는건 뭐지???
554,속상하지만 성격인걸 어쩔...
555,다시한번 셀프인테리어 할때마다 생각좀 하자...
556,하루종일 너무 무리를 했는지 결국 거실에서 눕방하고 그대로 잠이 들어버렸다..
557,머리가 어지럽다..
558,무리하면 늘 오는 증상인데 힘들다..
559,그래도 행복하게 내일을 위해 오늘을 마무리 해본다.
560,블챌 오늘일기를 통해 기록을 남겨보기는 첨인데 반성도 하고 생각도 하게되니 좋네...
561,나름 오늘일을 남겨보겠다고 중간중간 사진도 몇장 찍었다.
562,블로그챌린지 기간인 2주라도 함 열심히 써보자
563,블챌 오늘일기 블챌 오늘일기 1일차를 맞아 첫 일기를 써보도록 한다
564,16년 넘게 네이버 블로그를 해오고 있지만 이렇게 일기 형식으로 그것도 매일같이 글을 쓰는 것은 이번이 처음이다
565,"하지만, 오랜만에 뭔가 목적을 가지고 쓰는 글이 아닌 하루를 돌아보는 나만의 기록을 남긴다는데 대해 무척 기대가 크다 오늘은 오랜만에 충주 중앙탑 공원 나들이를 다녀왔다"
566,중앙탑은 충주에 있는 가장 유명한 관광지 중 하나로 무려 국보 제 6호이며 전국적으로도 상당히 유명한 곳이다
567,충주 중앙탑은 탑평리 칠층석탑이라고도 불리는데 사실 평소에 자주 가볼 기회가 많았지만 가까운 지역에 있어서 그런지 쉽게 발이 떨어지지 않았다가 이번에 친한 지인이 충주 중앙탑에서 만나자고 해서 정말 오랜만에 중앙탑을 찾았다
568,사실 전염병 때문에 사람들이 많이 모이지 않았을 거라고 생각했는데 막상 충주 중앙탑 주차장에 도착하자 의외로 상당히 많은 차들이 보여서 깜짝 놀랐다
569,어쨌든 우리는 마스크를 잘 쓰고 사람들과 최대한 접촉을 하지 않으면서 충주 중앙탑 공원 안에서 오랜만에 얼굴도 보고 담소를 나눴다
570,충주 중앙탑 안에는 탄금호 쪽으로 정자 같은걸 만들어났는데 우리는 여기에 앉아서 약간은 거리를 두고 담소를 나눴다
571,오랜만에 지인과 얼굴을 보고 담소를 나눈 것이었는데 지인은 전염병 때문에 그런지 일생생활 모두가 불편하고 불안하다는 말을 했고 나 역시 같은 입장이라서 대화 분위기는 그렇게 희망찬 분위기는 아니었다 어쨌든 오랜만에 밖에서 지인과 만나서 담소를 나눈다는 것 자체만으로도 상당히 의미있는 일이었으며 비록 날씨가 추워서 어려움은 있었지만 우리는 짧은 시간 동안 정말 많은 세상사는 얘기를 나누었다
572,정자에 앉아서 밖을 바라보니 저 앞쪽에는 충주 중앙탑이 보였다
573,어버이날을 한주 앞둔 주말이라서 그런지 약간은 쌀쌀한 날씨에도 사람들이 꽤 보였다
574,날씨가 좋았다면 저 앞에 있는 충주 중앙탑에 가서 사진도 많이 찍고 그랬을 텐데 여차하면 빗방울이 내릴 것 같아서 일단은 정자에서만 담소를 나눈게 아쉬웠다
575,충주 중앙탑에서 시간 가는 줄 모르고 담소를 나누다가 이제는 다시 들어갈 시간이라서 주차장 쪽으로 갔다 몰랐는데 에서 방영됐던 사랑의 불시착이 충주 중앙탑에서도 촬영을 했었나 보다
576,왜 나만 몰랐을까?...
577,주차장을 보니까 충주 중앙탑을 찾아온 관람객들의 차량들이 꽤 보였다
578,여기 말고도 다른 충주 중앙탑 주차장에도 차량들이 꽤 많이 주차돼 있는걸 보니 가정의달이 본격적으로 시작된건 아닌가 하는 생각이 들었다 돌아가기 전 다시 한번 찍어본 충주 중앙탑 사진 날씨도 안좋고 어떻게 보냈는지도 모를 정도로 짧았던 만남 너무 아쉬운 부분이 많았지만 우리는 다시 만날 것을 약속하고 여기서 헤어졌다 전염병이 없었더라면 이미 여러번 다른데서도 만나고 지인들과 즐거운 시간도 보내고 했을 텐데 이제는 가까운 사람을 만나는 것 조차 이렇게 힘든게 일상이 되어버린 것이 너무 아쉬웠다
579,오늘 하루동안 뭘 했는가 기억을 더듬어 보니 오전에는 주말의 아침이라서 푹 자면서 쉬었고 비가 내리는 우중충한 날씨라서 점심에는 만두국을 맛있게 먹었다 저녁에는 호박죽과 빵을 먹으면서 오늘 식사는 이걸로 끝냈다 친한 지인과의 충주 중앙탑 만남에 많은 시간을 쏟다 보니 오늘 하루가 어떻게 지나갔는지 모를 정도로 빨리 지
580,나갔다 토요일은 정신없이 지나갔지만 내일 일요일에는 보다 알차게 하루를 보낼 생각으로 오늘일기를 마무리한다
581,나도 오늘부터 오늘일기 블챌을 시작해야지 일기니까 반말로 적을래 토요일 주말은 집에 있기 싫어 집순이 절대 못하는 울 엄마랑 오빠와 함께 보통리로 점심겸 시간 떼우러 고고씽 그전에 점심을 먹기위해 찾아가 이가네부대찌개 처음 가본 식당인데 사장님도 무지 친절하시고 부대찌개도 참 맛있당 자극적이지 않고 말이지 와구와구 먹다보니 싹싹 비웠엉 다음에 또 오는 걸로 하고 블로그에도 소개해봐야지
582,날씨가 오락가락 했지만 보통리에서 커피한잔 안 할 순 없지
583,보통리저수지는 진짜 좋아
584,여기 사장님도 참 친절해
585,더비안코 친절하면 자꾸 오고 싶드라
586,전에 노트북들고도 자주와서 일했었는뎅 오랜만에 내사진도 찍어보고 빨리 마스크 벗는 날이 왔음 좋겠어.
587,둘이 참 이야기도 잘하고 장모와 사위 굿굿 본의 아니게 새신을 샀어
588,나이키에 엄마신발을 사러 갔는데..
589,너무 맘에들고 신나서 오늘 구매하고 바로 블로그에 작성했다지 여름운동하로 제격이라굿 엄마 신발도 사드렸엉 폭신폭신 반짝반짝 엄마의 스타일은 내가 참 잘알쥐 오잉 지금 보니 엄마랑 나는 보라색을 좋아하네 태국에서 사온 동전지갑을 쓰다가 너무 낡고 친구들이 하도 지갑 좀 사라고 해서 지갑도 샀어
590,참 돈버는건 힘든데 쓰는건 쉽다??? .
591,얼마전에 네일도 한건데 아주 맘에 드는 디자인이야 으헤헤 저녁엔 집에서 보쌈을 먹었어
592,엄뉘가 보쌈을 해주셨어
593,고기에 잡내도 안나고 굿굿 집밥이 최고얌 난 사실 한달동안 5 를 뺐어 티가 안나는것이 사실이지만 오늘 먹어서 다시 쪘으려나
594,먹을 땐 걍 먹자!!!
595,오늘일기 블챌 하루기록 토요일
596,꾸준함이란 참 어렵다.
597,사소한 한가지라도 꾸준히 한다는 건 참 대단한 것 같다.
598,모두가 생각은 하지만 행동은 쉽진 않은일 이해하는 것과 실제로 행동한다는 것은 다르다.
599,"마케터의 문장 중에서 어릴적 우리집가훈란에는 근면 성실이 단골이었는데, 나는 그렇게 살아가고 있는가?"
600,오늘일기 블챌 챌린지 덕분에 14일의 꾸준함을 시작으로 꾸준히 기록해보고 싶다.
601,"모두 같이 시작해보아요 아버님 친구분이 이걸보고 아카시아라고 하셔서 촌놈 등나무도 모르냐 라고 하셨다고 했는데, 나는 촌 인건가......."
602,이쁘면 된거지 할머니 커피 뽑는다니까
603,"따뜻해코코 먹는다고 냅다달림 스트라이더밸런스바이크 동네꼬맹이들이 하나둘 갖더니 지금은 5명쯤 타서, 응겨미도 관심을 갖길래 막차라 당근에 알림 걸어두고 겟!"
604,나무 사이로 지나가는 비행기 찰칵 언제봐도 설레이는 비행기에 오르고 싶다 요즘 그네러버 응겨미 할머니랑 갯벌낙지수제비 오랜만에 갔는데 매콤얼큰국물에 낙지비빔밥 응겨미사랑 돈까스까지 맛있게 먹었다.
605,할아버지랑 응겨미 할아버지 할머니 너무 좋아하는 응겨미 정많은 응겨미 5월도 정답게 보내보자구
606,", 블로그씨 시작 매일매일 챌린지 시즌1 오늘일기, 오늘부터 시작합니다!"
607,평온한 미소 2주 동안 매일 블로그에 일기쓰고 선물 받아가세요!
608,공식블로그에서 확인하기 짝꿍이 도넛 박스를 내밉니다.
609,꺅 노티드 도넛 사러 다녀온 거예요?
610,짝꿍과 함께 서울 핫플레이스 중 한 곳인 노티드 도넛 안국동에 다녀왔어요.
611,영업시간이 끝나기도 전에 솔드아웃.
612,노티드 도넛은 여전히 인기가 많더라고요.
613,"그날은 아쉬운 마음을 뒤로하고, 발걸음을 돌려야만 했어요."
614,안국동까지 간 김에 북촌 한 바퀴를 산책하고 왔습니다.
615,"인터넷을 찾아보니 카페 노티드는 안국동 외에도 한남, 삼성, 잠실, 제주도에 있더라고요."
616,제주도까지 진출하다니!
617,"제주점은 그린티 도넛, 당근 크로플, 마농 크로플 등 제주 특산물을 활용한 디저트를 판매한다고 하던데 제주도 여행 갈 때 들러봐야겠어요."
618,5월의 첫 날 짝꿍의 깜짝 선물!
619,서울 핫플레이스 카페 노티드 도넛 6종.
620,20분이나 줄을 서서 사 왔다고 합니다.
621,도넛이 얼마나 맛있길래 줄까지 서가며 살까.
622,묵직한 크림과 부드러운 도넛의 만남!
623,개인적인 입맛으로는 매우 만족입니다.
624,"짝꿍의 픽은 우유크림, 레몬크림, 홍차 크림, 바바리안, 앙버터, 초코 도넛."
625,사르르 녹아내리는 달콤한 맛 노티드 도넛의 특징은 필링이 매우 풍성하게 들어 있다는 점!
626,"잠시 칼로리 걱정은 접어두고, 도넛에 집중했습니다."
627,맛 하나를 다 먹기엔 부담스럽고 반씩 나누어 먹으니 좋더라고요.
628,다이어트 방해꾼 짝꿍 덕분에 맛있는 도넛 잘 먹었습니다.
629,"사소한 말 한마디에 귀 기울여주고, 소소한 선물을 챙겨주는 짝꿍이 있어 감사한 날입니다."
630,고맙고 사랑합니다.
631,도넛 사줘서 이러는 거 아닙니다.
632,스윗 스윗 오늘의 브금은 오랜만에 .
633,카페 노티드 안국 서울특별시 종로구 북촌로 6 3 1층 블챌 오늘일기 저도 도전해 봅니다.
634,첫 날 일기부터 서울 핫플레이스 도넛집 먹방일기네요.
635,14일 내내 먹방일기만 쓰다 끝날 것 같은 불길한 예감이 듭니다.
636,일상 포스팅이 그리웠는데 블챌 덕분에 오랜 이웃님들 소식 알게 되어 기뻐요
637,14일 끝까지 파이팅!
638,210501 블로그에 2주동안 하는 매일 매일 챌린지 오늘일기 블챌 하길래 저도 동참해봐요!
639,아무말대잔치 먹는얘기가 90 를 차지하겠지만 나머지 10 는 화장품얘기가 아닐까 싶.....
640,최근 살이 6키로정도 찌면서 인생 최고치 몸무게를 찍고 있는 요즘....
641,"그 동안 잘 입었던 옷들이 안들어가서 일주일 전부터 다이어트를 시작했어요 와,,, 살면서 거의 제대로 된 다이어트는 처음 해보는 것 같은데 살 빼기 너무 힘들고요.."
642,다이어트 성공하신 분들 존경합니다
643,운동도 같이 병행해야 하는데 시간이 없단 핑계로 일단은 식단 조절부터 시작하는 걸로...
644,오늘은 새벽에 엄마와 각각 옷장 정리를 했는데 말이죠.
645,엄마도 살이 쪄서 미안 엄마....
646,정리하려고 내놓은 스키니진이 꽤 많더라고요
647,예전이었으면 너무 컸을텐데 지금 상태로 입어보니 허벅지는 딱맞고 허리만 살짝 큰 정도 ....
648,하아...........
649,살이 찐 걸 좋아해야 하나?
650,벨트하면 그럭저럭 입을 수 있겠다
651,싶어서 챙겨놨는데 점점 스키니진이 불편해서 안입어서 자주 입게 될지는 미지수.....
652,스키니진 매니아 우리 엄마...
653,그나마 다행인 건 신축성이 좋아서 잘 늘어나요
654,청바지 4개도 득템했지만 엄마가 젊었을 적 ?
655,에 잘 입으셨던 정장 4피스와 코트도 물려주셨답니다......
656,치마는 잘맞았지만 바지는 다이어트가 필요 쿨럭 디자인은 옛날 느낌이 들지만 예전 옷들이 원단도 더 좋고 튼튼하더라고요?
657,"복고패션이 유행이니 대충 걸치고 다닐 수 잇을 듯 곱창끈, 집게핀이 다시 유행할지 누가 알았겠어욬 ."
658,. 살이 쪄서 갖고있는 스키니진이 불편해진 저는 새롭게 청바지들을 장만해야만 했습니다............
659,.............
660,리바이스 부츠컷 2개 닉스 와이드팬츠 2개 구입해봤는데 말이죠
661,일반 쇼핑몰이나 보세에서 원피스나 청바지들은 사이즈가 너무 작게 나와 못사겠더라고요
662,종아리까지만 들어가는 느낌이던데
663,55사이즈가 44같고 66사이즈가 55같은 느낌 ..
664,"부츠컷 청바지는 생각보다 타이트한 디자인이라 분명 서양 모델분은 허벅지가 여유있어보였는데 한 허벅지하는 제가 입었더니 허벅지가 터질 듯 딱 맞는 부츠컷인 것,,,, 그래도 신축성이 좋은 편이라 입기로 했어요."
665,와이드핏 청바지는 여름용이라 시원하고 신축성이 훨씬 더 좋고 통이 널널하면서 뒤에 밴드로 되서 엄청 편하게 교복처럼 입을 수 있을 듯 2인치 단위로 나와서 크게 시켰더니 허리가 널널..
666,대신 마감이 지저분하고 너무 스판기가 좋아서 약간 후질근한 느낌이 들기도 하지만 이제 예쁜 건 됐고 편하면 됐다 마인드 와이드팬츠 유행 운동화 유행 만세!!!
667,스키니진도 못입겠지만 힐도 더 이상 못신겠음..
668,위가 리바이스 부츠컷 청바지 아래가 닉스 와이드핏 청바지 진 특유의 청량한 색감 너무 좋아요!
669,참고로 저는 청청패션 좋아하는 패션테러리스트 블로그에는 거의 화장품 얘기만 하다가 저의 를 쓰니 뭔가 괜히 쑥쓰럽네욬 2주동안 꾸준히 쓸 수 있을지는 모르겠지만 분명한 건 다음 오늘일기는 먹는 얘기일 듯
670,블로거 인애킴 입니다.
671,네이버에서 진행하는 블로그 챌린지 블챌 오늘일기 20210501 오늘부터 시작해볼까 해요
672,오늘부터 2주간 꾸준히 도전해보려구요!
673,썸네일 사진은 요즘 다니는 윤하다
674,에스테틱에서 찍은 사진으로 헤헤 오늘은 진짜 오랜만에 늘어지게 잠을 푹 잤어요.
675,"어제 11시쯤 자려고 누워서, 오늘 오후 3시까지 잔거 있져?"
676,비도 오고 날씨도 흐려서 그런지 완전 푹 잤어요.
677,인생 일생 일일일일일 요즘은 혼자 지내는 주말에 점점 익숙해지고 있어요.
678,자기관리 자기계발에 관심을 갖고 노력중이에요!
679,"그래서 골프도 한번 배워보고, 노래도 한번 배워보려구요."
680,나를 위해 쓰는 시간들이 요즘 좋은 것 같아요 오늘 먹은 직접 만든 카레라면 찰보리빵 건강하고 맛있어 보이죠?
681,얼마전 폰을 보는데 어떤분이 카톡이 와있어서 보는데 진짜 기억이 안날정도로 오래전에 잠깐 알았던 사람인데...
682,우연히 저를 유튜브에서 봤다며 카톡이 왔더라구요
683,근데 저는 진짜...
684,기억이 안나고 ..
685,무튼 새삼 신기했어요....
686,어찌됐든 그 사람에겐 제가 좋은사람으로 기억에 남아서 연락이 왔던거겠죠?
687,"20대 때는 까마득한 미래일것 같았던 30대 30대가 되면 뭔가 자리잡고 잘 살고 있을것 같았는데 31살이 되도 아직도 열심히 뭔가를 위해 더 열심히 살고, 더 노력해야겠다는 생각이 많이 들어요."
688,무튼 아직도 노력해야하는 31살의 김인애!
689,진심으로 내가 잘 되었으면 좋겠어요
690,코로나 이전에 매일매일 바쁘고 열정 넘치게 살았던 내 모습이 요즘은 가끔 그립더라구요.
691,그래서 예전에 올렸던 인스타 글도 찾아보았어요
692,이때의 마음가짐처럼 다시 열심히 잘 살아보려고요!
693,지나간 시간보다 다가올 날들이 더 행복하길...
694,내가 가져야할 나를 위한 습관 40대에 깨닫는다는 40가지 이야기 매일매일 더 발전하고 더 나은 내가 되기.
695,한번 사는 인생 잘 살기.
696,매일매일 의미있게 살기.
697,. . ? 0 7 0 힘들었던 순간마다 나를 위로해주는 명대사들
